{"cameraMode":{"drawMode":0,"name":"Shaded","section":"Shading Mode"},"sceneLighting":true,"audioPlay":false,"sceneViewState":{"m_AlwaysRefresh":false,"showFog":true,"showSkybox":true,"showFlares":true,"showImageEffects":true,"showParticleSystems":true,"showVisualEffectGraphs":true,"m_FxEnabled":true},"in2DMode":false,"pivot":{"x":19.09823989868164,"y":-107.52861785888672,"z":239.01498413085938},"rotation":{"x":0.21279413998126985,"y":0.04935844615101814,"z":-0.00899300817400217,"w":0.9748963713645935},"size":140.80331420898438,"orthographic":false}