{"cameraMode":{"drawMode":0,"name":"Shaded","section":"Shading Mode"},"sceneLighting":true,"audioPlay":false,"sceneViewState":{"m_AlwaysRefresh":false,"showFog":true,"showSkybox":true,"showFlares":true,"showImageEffects":true,"showParticleSystems":true,"showVisualEffectGraphs":true,"m_FxEnabled":true},"in2DMode":false,"pivot":{"x":34.631927490234378,"y":-175.98268127441407,"z":182.38002014160157},"rotation":{"x":0.3641245365142822,"y":0.10420628637075424,"z":-0.039325863122940066,"w":0.9237018823623657},"size":140.80331420898438,"orthographic":false}